New Apple iPhone 11 (64GB) - Black,50999.0,2020-11-11 23h55m,NA
Converse Unisex Canvas Sneakers,1484.0,2020-11-11 23h55m,*****BUY NOW: Converse Unisex Canvas Sneakers ************
"ASUS TUF Gaming FX505DT 15.6-inch FHD Laptop, Ryzen 5 3550H, GTX 1650 4GB GDDR5 Graphics (8GB RAM/1TB HDD/Windows 10/Stealth Black/2.20 Kg), FX505DT-BQ151T",53990.0,2020-11-11 23h55m,NA
New Apple iPhone 11 (64GB) - Black,50999.0,2020-11-11 23h55m,NA
Converse Unisex Canvas Sneakers,1484.0,2020-11-11 23h55m,*****BUY NOW: Converse Unisex Canvas Sneakers ************
"ASUS TUF Gaming FX505DT 15.6-inch FHD Laptop, Ryzen 5 3550H, GTX 1650 4GB GDDR5 Graphics (8GB RAM/1TB HDD/Windows 10/Stealth Black/2.20 Kg), FX505DT-BQ151T",53990.0,2020-11-11 23h55m,NA
New Apple iPhone 11 (64GB) - Black,50999.0,2020-11-11 23h55m,NA
Converse Unisex Canvas Sneakers,1484.0,2020-11-11 23h55m,*****BUY NOW: Converse Unisex Canvas Sneakers ************
"ASUS TUF Gaming FX505DT 15.6-inch FHD Laptop, Ryzen 5 3550H, GTX 1650 4GB GDDR5 Graphics (8GB RAM/1TB HDD/Windows 10/Stealth Black/2.20 Kg), FX505DT-BQ151T",53990.0,2020-11-11 23h55m,NA
New Apple iPhone 11 (64GB) - Black,50999.0,2020-11-11 23h56m,NA
Converse Unisex Canvas Sneakers,1484.0,2020-11-11 23h56m,*****BUY NOW: Converse Unisex Canvas Sneakers ************
"ASUS TUF Gaming FX505DT 15.6-inch FHD Laptop, Ryzen 5 3550H, GTX 1650 4GB GDDR5 Graphics (8GB RAM/1TB HDD/Windows 10/Stealth Black/2.20 Kg), FX505DT-BQ151T",53990.0,2020-11-11 23h56m,NA
New Apple iPhone 11 (64GB) - Black,50999.0,2020-11-11 23h56m,NA
Converse Unisex Canvas Sneakers,1484.0,2020-11-11 23h56m,*****BUY NOW: Converse Unisex Canvas Sneakers ************
"ASUS TUF Gaming FX505DT 15.6-inch FHD Laptop, Ryzen 5 3550H, GTX 1650 4GB GDDR5 Graphics (8GB RAM/1TB HDD/Windows 10/Stealth Black/2.20 Kg), FX505DT-BQ151T",53990.0,2020-11-11 23h56m,NA
New Apple iPhone 11 (64GB) - Black,50999.0,2020-11-11 23h57m,NA
Converse Unisex Canvas Sneakers,1484.0,2020-11-11 23h57m,*****BUY NOW: Converse Unisex Canvas Sneakers ************
"ASUS TUF Gaming FX505DT 15.6-inch FHD Laptop, Ryzen 5 3550H, GTX 1650 4GB GDDR5 Graphics (8GB RAM/1TB HDD/Windows 10/Stealth Black/2.20 Kg), FX505DT-BQ151T",53990.0,2020-11-11 23h57m,NA
New Apple iPhone 11 (64GB) - Black,54900.0,2020-11-12 00h14m,NA
Converse Unisex Canvas Sneakers,1889.0,2020-11-12 00h14m,NA
"ASUS TUF Gaming FX505DT 15.6-inch FHD Laptop, Ryzen 5 3550H, GTX 1650 4GB GDDR5 Graphics (8GB RAM/1TB HDD/Windows 10/Stealth Black/2.20 Kg), FX505DT-BQ151T",NA,2020-11-12 00h14m,item price not found!
New Apple iPhone 11 (64GB) - Black,54900.0,2020-11-12 00h15m,NA
Converse Unisex Canvas Sneakers,1889.0,2020-11-12 00h15m,NA
"ASUS TUF Gaming FX505DT 15.6-inch FHD Laptop, Ryzen 5 3550H, GTX 1650 4GB GDDR5 Graphics (8GB RAM/1TB HDD/Windows 10/Stealth Black/2.20 Kg), FX505DT-BQ151T",NA,2020-11-12 00h15m,item price not found!
New Apple iPhone 11 (64GB) - Black,50999.0,2020-11-12 22h35m,NA
Converse Unisex Canvas Sneakers,1889.0,2020-11-12 22h35m,NA
"ASUS TUF Gaming FX505DT 15.6-inch FHD Laptop, Ryzen 5 3550H, GTX 1650 4GB GDDR5 Graphics (8GB RAM/1TB HDD/Windows 10/Stealth Black/2.20 Kg), FX505DT-BQ151T",NA,2020-11-12 22h36m,item price not found!
New Apple iPhone 11 (64GB) - Black,51999.0,2020-11-16 00h42m,NA
Converse Unisex Canvas Sneakers,1899.0,2020-11-16 00h42m,*****BUY NOW: Converse Unisex Canvas Sneakers ************
"ASUS TUF Gaming FX505DT 15.6-inch FHD Laptop, Ryzen 5 3550H, GTX 1650 4GB GDDR5 Graphics (8GB RAM/1TB HDD/Windows 10/Stealth Black/2.20 Kg), FX505DT-BQ151T",NA,2020-11-16 00h42m,item price not found!
New Apple iPhone 11 (64GB) - Black,51999.0,2020-11-16 00h45m,NA
New Apple iPhone 11 (64GB) - Black,51999.0,2020-11-16 00h46m,NA
Converse Unisex Canvas Sneakers,1899.0,2020-11-16 00h46m,*****BUY NOW: Converse Unisex Canvas Sneakers ************
"ASUS TUF Gaming FX505DT 15.6-inch FHD Laptop, Ryzen 5 3550H, GTX 1650 4GB GDDR5 Graphics (8GB RAM/1TB HDD/Windows 10/Stealth Black/2.20 Kg), FX505DT-BQ151T",NA,2020-11-16 00h46m,item price not found!
New Apple iPhone 11 (64GB) - Black,51999.0,2020-11-16 00h48m,NA
New Apple iPhone 11 (64GB) - Black,51999.0,2020-11-16 00h49m,NA
Converse Unisex Canvas Sneakers,1899.0,2020-11-16 00h49m,*****BUY NOW: Converse Unisex Canvas Sneakers at Rs.1899.0 *****
"ASUS TUF Gaming FX505DT 15.6-inch FHD Laptop, Ryzen 5 3550H, GTX 1650 4GB GDDR5 Graphics (8GB RAM/1TB HDD/Windows 10/Stealth Black/2.20 Kg), FX505DT-BQ151T",NA,2020-11-16 00h49m,item price not found!
New Apple iPhone 11 (64GB) - Black,51999.0,2020-11-16 01h06m,NA
Converse Unisex Canvas Sneakers,1899.0,2020-11-16 01h06m,*****BUY NOW: Converse Unisex Canvas Sneakers at Rs.1899.0 *****
"ASUS TUF Gaming FX505DT 15.6-inch FHD Laptop, Ryzen 5 3550H, GTX 1650 4GB GDDR5 Graphics (8GB RAM/1TB HDD/Windows 10/Stealth Black/2.20 Kg), FX505DT-BQ151T",NA,2020-11-16 01h06m,item price not found!
New Apple iPhone 11 (64GB) - Black,51999.0,2020-11-16 01h07m,*****BUY NOW: New Apple iPhone 11 (64GB) - Black at Rs.51999.0 *****
Converse Unisex Canvas Sneakers,1899.0,2020-11-16 01h07m,NA
"ASUS TUF Gaming FX505DT 15.6-inch FHD Laptop, Ryzen 5 3550H, GTX 1650 4GB GDDR5 Graphics (8GB RAM/1TB HDD/Windows 10/Stealth Black/2.20 Kg), FX505DT-BQ151T",NA,2020-11-16 01h07m,item price not found!
